url;titulo;Creador;Ranchopoints;Jugadores
https://youtu.be/Q77oizsrAYo?si=ZlA935kNcJTAXqgA;#1 - Kyouki;Demishio;350;weyi|https://youtu.be/Q77oizsrAYo?si=ZlA935kNcJTAXqgA
https://youtu.be/UWBd7rjhdvc?si=2xBGg4jAZgkLLKry;#2 - Deimos;ItrsHybrid;327.91;weyi|https://youtu.be/UWBd7rjhdvc?si=2xBGg4jAZgkLLKry
https://youtu.be/qgI8dkMhY0Q?si=IWBBD_oyaOxCbSQb;#3 - Firework;CherryTeam;307.21;weyi|https://youtu.be/qgI8dkMhY0Q?si=IWBBD_oyaOxCbSQb
https://youtu.be/PLuJhmUoo8Q?si=5tekPW8QTO49wLHM;#4 - Saul Goodman;Renn241;287.82;weyi|https://youtu.be/PLuJhmUoo8Q?si=5tekPW8QTO49wLHM
https://youtu.be/buCQ7BJxEYI?si=Un7hJzImJCPDqdfv;#5 - The Hallucination;SyQual;269.65;weyi|https://youtu.be/buCQ7BJxEYI?si=Un7hJzImJCPDqdfv
https://youtu.be/9giTeRy_89Y?si=_wSFDNFjzb7BMBF4;#6 - Edge of Destiny;CDMusic;252.63;weyi|https://youtu.be/9giTeRy_89Y?si=_wSFDNFjzb7BMBF4
https://youtu.be/NbCyzSXCKm8?si=v9HzGdQ5QjKqRKTt;#7 - Solar Flare;Linear;236.69;weyi|https://youtu.be/NbCyzSXCKm8?si=v9HzGdQ5QjKqRKTt
https://youtu.be/2c9w7RgawyA?si=iM4QxAb0Gy007rmS;#8 - Sonic Wave Infinity;APTEamOfficial;221.75;weyi|https://youtu.be/2c9w7RgawyA?si=iM4QxAb0Gy007rmS
https://youtu.be/dGbgWp6flN0?si=j_GYFh9nVUjlMPQE;#9 - Delta;Drakosa;207.75;weyi|https://youtu.be/dGbgWp6flN0?si=j_GYFh9nVUjlMPQE
https://youtu.be/q1YH5fwncQQ?si=eH8zKsO9drpdlguB;#10 - Natural Disaster;CairoX;194.64;weyi|https://youtu.be/q1YH5fwncQQ?si=eH8zKsO9drpdlguB
https://youtu.be/WoZakysl1RQ?si=631BAEnG3wWT4ufW;#11 - Oblivion;Benji8080;182.73;weyi|https://youtu.be/WoZakysl1RQ?si=631BAEnG3wWT4ufW
https://www.youtube.com/watch?v=PJplFx3Tkm8;#12 - The Golden;BoBoBoBoBoBoBo;173.12;weyi|https://www.youtube.com/watch?v=PJplFx3Tkm8
https://www.youtube.com/watch?v=fSJ_LeopccE;#13 - Verdant Landscape;Nisha;164.02;weyi|https://www.youtube.com/watch?v=fSJ_LeopccE
https://www.youtube.com/watch?v=TbiaveVDAic;#14 - Shukketsu;Yuko;155.4;weyi|https://www.youtube.com/watch?v=TbiaveVDAic
https://youtu.be/eGz6hfG8k_E?si=qlJasgoQOVOlnRh4;#15 - Blood Echo;Farva;147.23;weyi|https://youtu.be/eGz6hfG8k_E?si=qlJasgoQOVOlnRh4
https://www.youtube.com/watch?v=-RwNdxqmpwE;#16 - Trueffet;SyQual;139.49;weyi|https://www.youtube.com/watch?v=-RwNdxqmpwE
https://www.youtube.com/watch?v=-c8I0eNuUhY;#17 - Kenos;Bianox;132.16;weyi|https://www.youtube.com/watch?v=-c8I0eNuUhY
https://www.youtube.com/watch?v=N9jQvau_SH0;#18 - Fragile;Endlevel;125.21;weyi|https://www.youtube.com/watch?v=N9jQvau_SH0
https://www.youtube.com/watch?v=JFir4XZcpHs;#19 - Zodiac;Bianox;118.63;weyi|https://www.youtube.com/watch?v=JFir4XZcpHs
https://www.youtube.com/watch?v=y7jMc36zNJo;#20 - Judgement Knights;HangerLord;112.39;weyi|https://www.youtube.com/watch?v=y7jMc36zNJo
https://youtu.be/T23cKVrO8ps?si=3jtEeIVWPUs5I_6i;#21 - Cold Sweat;Para;109.38;guille|https://youtu.be/T23cKVrO8ps?si=3jtEeIVWPUs5I_6i,taha|https://youtu.be/Aocl-XyQ_Bw?si=p7SwvlWbarPvY5R8
https://www.youtube.com/watch?v=FdjCM9KsNCQ;#22 - Frost Spirit;Quaybus;110.81;weyi|https://www.youtube.com/watch?v=FdjCM9KsNCQ
https://www.youtube.com/watch?v=Hl_X7fwG5J8;#23 - Thinking Space;Atomic;107.97;weyi|https://www.youtube.com/watch?v=Hl_X7fwG5J8
https://www.youtube.com/watch?v=7Z1y86wQtaI;#24 - Conclusion;DreamZoneGD;106.57;weyi|https://www.youtube.com/watch?v=7Z1y86wQtaI
https://www.youtube.com/watch?v=z4DWhXBHL0M;#25 - Sky Shredder;Dorvict;105.2;weyi|https://www.youtube.com/watch?v=z4DWhXBHL0M
https://www.youtube.com/watch?v=vAnIHh3FsMU;#26 - Calculator Core;Walroose;103.84;nitro|https://www.youtube.com/watch?v=vAnIHh3FsMU
https://www.youtube.com/watch?v=GvEcE1iReSM;#27 - Shimmer;Amplitron;102.5;weyi|https://www.youtube.com/watch?v=GvEcE1iReSM
https://www.youtube.com/watch?v=yqoI4TCmKdM;#28 - Crimson Planet;TrueOmega;101.17;guille|https://www.youtube.com/watch?v=yqoI4TCmKdM
https://www.youtube.com/watch?v=vLX2ZhOLRyY;#29 - Cognition;Endlevel;99.86;nitro|https://www.youtube.com/watch?v=vLX2ZhOLRyY,weyi|https://www.youtube.com/watch?v=qqeJd34m8tA,taha|https://www.youtube.com/watch?v=t-W3bUQ6Wpo
https://www.youtube.com/watch?v=wsfDJhZp2RM;#30 - ATOMIC CANNON MK II;Lieb;98.57;weyi|https://www.youtube.com/watch?v=wsfDJhZp2RM
https://www.youtube.com/watch?v=-7iVaY-p-sM;#31 - Ragnarok;Knobbelboy;97.3;nitro|https://www.youtube.com/watch?v=-7iVaY-p-sM
https://www.youtube.com/watch?v=LMCIaptpQQM;#32 - Escape Room;SleyGD;96.05;weyi|https://www.youtube.com/watch?v=LMCIaptpQQM
https://www.youtube.com/watch?v=PW9S16YS15E;#33 - No jokes;TheParadoxTeam;94.8;weyi|https://www.youtube.com/watch?v=PW9S16YS15E
https://www.youtube.com/watch?v=BuKzEBPZcAc&pp=ygUPbGZsZXggYmxvb2RsdXN0;#34 - Bloodlust;Knobbelboy;93.58;fle|https://www.youtube.com/watch?v=BuKzEBPZcAc&pp=ygUPbGZsZXggYmxvb2RsdXN0,nitro|https://www.youtube.com/watch?v=UigHn3AWb1M,guille
https://www.youtube.com/watch?v=lsQZjU7ShB8;#35 - Jesse Pinkman;Renn241;92.37;weyi|https://www.youtube.com/watch?v=lsQZjU7ShB8
https://www.youtube.com/watch?v=jGTonIHhvRw&pp=ygUXZ3VpbGxlc3RlciBjb25ncmVnYXRpb24%3D;#36 - Congregation;Presta;90.31;guille|https://www.youtube.com/watch?v=jGTonIHhvRw&pp=ygUXZ3VpbGxlc3RlciBjb25ncmVnYXRpb24%3D
https://www.youtube.com/watch?v=2qszqjT7pDk;#37 - Aronia;Exen;88.31;nitro|https://www.youtube.com/watch?v=2qszqjT7pDk
https://www.youtube.com/watch?v=UUBt8gGrYVY;#38 - Sigma;MindCap;86.34;nitro|https://www.youtube.com/watch?v=UUBt8gGrYVY
https://youtu.be/B-SAmFidV_4?si=fIOemkzgauUD_0Nr;#39 - Knights of Thunder;HangeLord;84.42;weyi|https://youtu.be/B-SAmFidV_4?si=fIOemkzgauUD_0Nr
https://www.youtube.com/watch?v=Kn1Y9mrCCRA;#40 - ATOMIC CANNON;Lieb;82.54;weyi|https://www.youtube.com/watch?v=Kn1Y9mrCCRA,taha|https://www.youtube.com/watch?v=91OgAQZj7j0
https://www.youtube.com/watch?v=k117h9HUt6s&t=187s&pp=ygUQZ3VpbGxlc3RlciBuaGVsdg%3D%3D;#41 - Nhelv;guillester;80.71;guille|https://www.youtube.com/watch?v=k117h9HUt6s&t=187s&pp=ygUQZ3VpbGxlc3RlciBuaGVsdg%3D%3D,besoe|https://www.youtube.com/watch?v=waF9vZQ79OQ&pp=ygUKemlvbiBuaGVsdg%3D%3D
https://www.youtube.com/watch?v=SQ_UlW57_kU;#42 - kowareta;gablor;78.91;weyi|https://www.youtube.com/watch?v=SQ_UlW57_kU,taha|https://www.youtube.com/watch?v=mgTjwI3JejM&pp=ygUPdGFoaW5vIGtvd2FyZXRh0gcJCQMKAYcqIYzv
https://www.youtube.com/watch?v=bUuEvLXh7_Y&pp=ygUbZGVhdGggY29ycmlkb3IgeiBndWlsbGVzdGVy;#43 - Death Corridor Z;Sunix;77.15;guille|https://www.youtube.com/watch?v=bUuEvLXh7_Y&pp=ygUbZGVhdGggY29ycmlkb3IgeiBndWlsbGVzdGVy
https://youtu.be/P8GpfK3UAAA?si=ocD3v1mnaxdFFUvI;#44 - The Yandere;Dorami;75.44;guille|https://youtu.be/P8GpfK3UAAA?si=ocD3v1mnaxdFFUvI
https://www.youtube.com/watch?v=gfCoDAiquK8&pp=ygUUdGFoaW5vIGFyY3RpYyBsaWdodHM%3D;#45 - Arctic Lights;Metalface221;73.76;taha|https://www.youtube.com/watch?v=gfCoDAiquK8&pp=ygUUdGFoaW5vIGFyY3RpYyBsaWdodHM%3D
https://www.youtube.com/watch?v=aNzy5vJkDpY&pp=ygUZbW9sbmkgcGxhc21hIHB1bHNlIGZpbmFsZQ%3D%3D;#46 - Plasma Pulse Finale;xSmokes;72.12;molni|https://www.youtube.com/watch?v=aNzy5vJkDpY&pp=ygUZbW9sbmkgcGxhc21hIHB1bHNlIGZpbmFsZQ%3D%3D,nitro|https://www.youtube.com/watch?v=8l9Cuywq87Y
https://www.youtube.com/watch?v=Pz-hJWtXUuY;#47 - Spectrum Cyclone;#N/D;70.51;nitro|https://www.youtube.com/watch?v=Pz-hJWtXUuY
https://www.youtube.com/watch?v=e7R62pbqjmk;#48 - Eternal Moment;Rainstorm;68.94;weyi|https://www.youtube.com/watch?v=e7R62pbqjmk
https://www.youtube.com/watch?v=bduS_B6xKBc;#49 - Spacial Rend;DiamondSplash;67.41;nitro|https://www.youtube.com/watch?v=bduS_B6xKBc
https://www.youtube.com/watch?v=b9wL_3irsAk;#50 - Wasureta;Crazen;65.91;weyi|https://www.youtube.com/watch?v=b9wL_3irsAk,taha|https://www.youtube.com/watch?v=awz2WFqiOxw&pp=ygUPdGFoaW5vIHdhc3VyZXRh
https://www.youtube.com/watch?v=o8BjiZE1p_k;#51 - Macabre;Zephirox;64.44;nitro|https://www.youtube.com/watch?v=o8BjiZE1p_k,molni|https://www.youtube.com/watch?v=FOT0pVIqeUE&pp=ygUNbW9sbmkgbWFjYWJyZQ%3D%3D
https://www.youtube.com/watch?v=B3XG2s2rgXE&pp=ygUabW9sbmkgY3liZXJuZXRpYyBjY3Jlc2NlbnQ%3D;#52 - Cybernetic Crescent;Viprin;63.01;molni|https://www.youtube.com/watch?v=B3XG2s2rgXE&pp=ygUabW9sbmkgY3liZXJuZXRpYyBjY3Jlc2NlbnQ%3D
https://www.youtube.com/watch?v=JjO0MBCjtPQ;#53 - Ocular Miracle;Davphla;61.61;guille|https://www.youtube.com/watch?v=JjO0MBCjtPQ
https://www.youtube.com/watch?v=pLXeIP0r9zU&pp=ygUQbGZsZXggc29uaWMgd2F2ZQ%3D%3D;#54 - Sonic Wave;Sunix;60.24;fle|https://www.youtube.com/watch?v=pLXeIP0r9zU&pp=ygUQbGZsZXggc29uaWMgd2F2ZQ%3D%3D,nitro|https://youtu.be/eNMTcqFBNS4?si=6jnTESZ6NucaSRhY,exo|https://youtu.be/4dhLIY_CP7Y?si=c1w2qHaLVwdCy9lT,taron|https://youtu.be/Tn1y_cQMXlk?si=uOZy-Qzi4wqxRCYh,weyi|https://www.youtube.com/watch?v=cVxXoM5TmgU,guille|https://www.youtube.com/watch?v=Qs1C-LXCZB8&t=1s,besoe
https://www.youtube.com/watch?v=bNso2uivhvI;#55 - Shmarley Ville;Renn241;58.9;weyi|https://www.youtube.com/watch?v=bNso2uivhvI
https://www.youtube.com/watch?v=cU2WDgZCZCA;#56 - Yatagarasu;Trusta;57.58;guille|https://www.youtube.com/watch?v=cU2WDgZCZCA,nitro|https://www.youtube.com/watch?v=YIW2xcPidSk&pp=0gcJCQMKAYcqIYzv
https://www.youtube.com/watch?v=cdXxPXqx9YU;#57 - Kuzureta;Teno;56.45;weyi|https://www.youtube.com/watch?v=cdXxPXqx9YU
https://www.youtube.com/watch?v=HkVN5cu318Y&t=31s&pp=ygUKZXhvcnN1cyB4bw%3D%3D;#58 - xo;Krmal;55.35;exo|https://www.youtube.com/watch?v=HkVN5cu318Y&t=31s&pp=ygUKZXhvcnN1cyB4bw%3D%3D
https://www.youtube.com/watch?v=rcwQA1JfCfc;#59 - Titan Complex;TCTeam;54.28;nitro|https://www.youtube.com/watch?v=rcwQA1JfCfc&pp=0gcJCQMKAYcqIYzv,guille
https://www.youtube.com/watch?v=rbzBoAOaVCU&pp=0gcJCQMKAYcqIYzv;#60 - Freedom08;Pennutoh;53.24;guille|https://www.youtube.com/watch?v=rbzBoAOaVCU&pp=0gcJCQMKAYcqIYzv
https://www.youtube.com/watch?v=yLdcX1oIZec&pp=ygUMbGZsZXggZXJlYnVz0gcJCQMKAYcqIYzv;#61 - Erebus;Boldstep;52.23;fle|https://www.youtube.com/watch?v=yLdcX1oIZec&pp=ygUMbGZsZXggZXJlYnVz0gcJCQMKAYcqIYzv,guille|https://www.youtube.com/watch?v=cjzJjtWdmVE,nitro|https://www.youtube.com/watch?v=6TuKdlGoTg0&t=7s&pp=0gcJCQMKAYcqIYzv
https://www.youtube.com/watch?v=Hx-Tvwil0z4&pp=ygUSZXhvcnN1cyBkYXJrIGZsYXJl;#62 - Dark Flare;KeiAS;51.24;exo|https://www.youtube.com/watch?v=Hx-Tvwil0z4&pp=ygUSZXhvcnN1cyBkYXJrIGZsYXJl
https://www.youtube.com/watch?v=0bKGvuPivhA&pp=ygUTZ3VpbGxlc3RlciB0YXB3cmVja9IHCQkDCgGHKiGM7w%3D%3D;#63 - Tapwreck;MrLorenzo;50.28;guille|https://www.youtube.com/watch?v=0bKGvuPivhA&pp=ygUTZ3VpbGxlc3RlciB0YXB3cmVja9IHCQkDCgGHKiGM7w%3D%3D
;#64 - Devil Vortex;Rustam;49.35;guille
https://www.youtube.com/watch?v=rfnUZ5WCMoo;#65 - Aftercatabath;guillester;48.44;guille|https://www.youtube.com/watch?v=rfnUZ5WCMoo
https://www.youtube.com/watch?v=ODi2BBSN-Sw&pp=ygURd2V5b2xsbDMgY2F0YWx5emXSBwkJAwoBhyohjO8%3D;#66 - Catalyze;ZephiroX;47.55;nitro|https://www.youtube.com/watch?v=ODi2BBSN-Sw&pp=ygURd2V5b2xsbDMgY2F0YWx5emXSBwkJAwoBhyohjO8%3D,weyi|https://i.ytimg.com/an_webp/ODi2BBSN-Sw/mqdefault_6s.webp?du=3000&sqp=CICk68gG&rs=AOn4CLAIOtBMD7xlwb3Gol3OaoOBdqw6nw
https://www.youtube.com/watch?v=QStqVWwcnsM&t=410s;#67 - River Styx;Sonic80;46.69;guille|https://www.youtube.com/watch?v=QStqVWwcnsM&t=410s
https://www.youtube.com/watch?v=nNwPV15fOGA;#68 - Digital Descent;Viprin;45.85;nitro|https://www.youtube.com/watch?v=nNwPV15fOGA,molni|https://www.youtube.com/watch?v=dLeGHeDIvg4,weyi|https://www.youtube.com/watch?v=Jl-alneEDes&t=1s,nico|https://www.youtube.com/watch?v=E4KE4-T0x0M&pp=ygUTbmljIGRpZ2l0YWwgZGVzY2VudA%3D%3D,guille
;#69 - Cadrega City;Pennutoh;45.04;guille
https://www.youtube.com/watch?v=1VoisERJ_pY&pp=ygUXZXhvcnN1cyBzdGFsZW1hdGUgcmVkdXg%3D;#70 - Stalemate Redux;TehTactiq;44.24;exo|https://www.youtube.com/watch?v=1VoisERJ_pY&pp=ygUXZXhvcnN1cyBzdGFsZW1hdGUgcmVkdXg%3D
https://www.youtube.com/watch?v=_nOvs0_uwSk&pp=ygUQZ3VpbGxlc3RlciBhYWJlbA%3D%3D;#71 - ABEL;Dienid;43.47;guille|https://www.youtube.com/watch?v=_nOvs0_uwSk&pp=ygUQZ3VpbGxlc3RlciBhYWJlbA%3D%3D
https://www.youtube.com/watch?v=CHacSMbixfY;#72 - Omicron;Team Proxima;42.72;nitro|https://www.youtube.com/watch?v=CHacSMbixfY
https://www.youtube.com/watch?v=UxKZ71AuO3w;#73 - Delta Interface;Platnuu;41.99;guille|https://www.youtube.com/watch?v=UxKZ71AuO3w
https://www.youtube.com/watch?v=oMHIeTPC98Y&pp=ygUSZ3VpbGxlc3RlciBraWxsYm90;#74 - Killbot;Lithifusion;41.28;guille|https://www.youtube.com/watch?v=oMHIeTPC98Y&pp=ygUSZ3VpbGxlc3RlciBraWxsYm90
https://www.youtube.com/watch?v=y9sNa_aX3uw&t=4s;#75 - Artificial Ascent;Viprin;40.58;fle|https://www.youtube.com/watch?v=y9sNa_aX3uw&t=4s,nitro|https://www.youtube.com/watch?v=iusYBW2SUC0&t=2s,molni|https://www.youtube.com/watch?v=SBaGIdaKvA8,zalex,weyi|https://www.youtube.com/watch?v=DolFp1JuHDw,guille
;#76 - Stereo Extremeness;Vortrox;39.91;guille
https://www.youtube.com/watch?v=4Mnj0zws7Hw;#77 - Step to Hell;LaYze;39.25;nitro|https://www.youtube.com/watch?v=4Mnj0zws7Hw
https://www.youtube.com/watch?v=bFQIzKb1as0&pp=ygUQZ3VpbGxlc3RlciAyIDEgMQ%3D%3D;#78 - 2 1 1;guillester;38.61;guille|https://www.youtube.com/watch?v=bFQIzKb1as0&pp=ygUQZ3VpbGxlc3RlciAyIDEgMQ%3D%3D,nitro|https://www.youtube.com/watch?v=eOPsWhaf0Ao
https://www.youtube.com/watch?v=W2ZCSswy9RA&pp=ygUWZ3VpbGxlc3RlciBuaWdodCByaWRlctIHCQkDCgGHKiGM7w%3D%3D;#79 - Night Rider;ImAnubis;37.99;guille|https://www.youtube.com/watch?v=W2ZCSswy9RA&pp=ygUWZ3VpbGxlc3RlciBuaWdodCByaWRlctIHCQkDCgGHKiGM7w%3D%3D
https://www.youtube.com/watch?v=wfGIiAc06vQ&pp=ygUSZ3VpbGxlc3RlciBxdWFudHVt;#80 - Quantum Processing;Riot;37.39;guille|https://www.youtube.com/watch?v=wfGIiAc06vQ&pp=ygUSZ3VpbGxlc3RlciBxdWFudHVt,nitro|https://www.youtube.com/watch?v=WMaZ8BEzdrA&t=3s
https://www.youtube.com/watch?v=sWeruKgwDwc&pp=ygUcZ3VpbGxlc3RlciBpbnNhbmUgdGVjaG5pcXVlcw%3D%3D;#81 - Insane Techniques;Exorsus12;36.8;guille|https://www.youtube.com/watch?v=sWeruKgwDwc&pp=ygUcZ3VpbGxlc3RlciBpbnNhbmUgdGVjaG5pcXVlcw%3D%3D,besoe|https://www.youtube.com/watch?v=H4TX6nOT43E&pp=ygUfaW5zYW5lIHRlY2huaXF1ZXMgZ2VvbWV0cnkgZGFzaA%3D%3D
https://www.youtube.com/watch?v=qW13m8Hm5M4;#82 - Black Blizzard;Krmal;36.23;guille|https://www.youtube.com/watch?v=qW13m8Hm5M4,nitro|https://www.youtube.com/watch?v=-XnAfXkWG_U&t=12s
https://www.youtube.com/watch?v=t6pdg9cVelQ&pp=ygUQZXhvcnN1cyBldGhlcmVhbA%3D%3D;#83 - Ethereal Artifice;Zeroya;35.67;exo|https://www.youtube.com/watch?v=t6pdg9cVelQ&pp=0gcJCQMKAYcqIYzv,weyi|https://www.youtube.com/watch?v=NKnLZEA3Ih8&t=7s
https://www.youtube.com/watch?v=xOuiN-7MAoQ&t=7s;#84 - Glowy;Rob Buck;35.13;guille|https://www.youtube.com/watch?v=xOuiN-7MAoQ&t=7s
https://www.youtube.com/watch?v=PazjQwzEEFg&pp=ygUaYXN0cmFsIGRpdmluaXR5IGd1aWxsZXN0ZXI%3D;#85 - Astral Divinity;Knobbelboy;34.6;guille|https://www.youtube.com/watch?v=PazjQwzEEFg&pp=ygUaYXN0cmFsIGRpdmluaXR5IGd1aWxsZXN0ZXI%3D
https://www.youtube.com/watch?v=NbjyGbU-TaA;#86 - Void Wave;CherryBT;34.08;nitro|https://www.youtube.com/watch?v=NbjyGbU-TaA
;#87 - Bausha Vortex;Pennutoh;33.58;nitro
https://www.youtube.com/watch?v=r1s94r9vNoo&t=29s&pp=ygUTZ3VpbGxlc3RlciBidXRpdGkgMw%3D%3D;#88 - Butiti III;JonathanGD;33.1;guille|https://www.youtube.com/watch?v=r1s94r9vNoo&t=29s&pp=ygUTZ3VpbGxlc3RlciBidXRpdGkgMw%3D%3D
;#89 - Balengu Vortex;Pennutoh;32.62;nitro
https://www.youtube.com/watch?v=96gUbghx3EU&pp=ygURZXhvcnN1cyB6aXJvaWthYmk%3D;#90 - Ziroikabi;MikeWheelerFan;32.16;exo|https://www.youtube.com/watch?v=96gUbghx3EU,guille|https://www.youtube.com/watch?v=E6KGWrfooT4,besoe|https://www.youtube.com/watch?v=96gUbghx3EU&pp=ygURZXhvcnN1cyB6aXJvaWthYmk%3D
https://www.youtube.com/watch?v=mq5-I5UXZrQ&pp=ygURZ3VpbGxlc3RlciBoYXRyZWQ%3D;#91 - Hatred;Azuler4;31.71;guille|https://www.youtube.com/watch?v=mq5-I5UXZrQ&pp=ygURZ3VpbGxlc3RlciBoYXRyZWQ%3D
https://www.youtube.com/watch?v=LaKDlmF8inw;#92 - Auditory Breaker;LazerBlitz;31.28;nitro|https://www.youtube.com/watch?v=LaKDlmF8inw,exo|https://www.youtube.com/watch?v=Dtz1ptdSLiA&pp=ygUYZXhvcnN1cyBhdWRpdG9yeSBicmVha2Vy,guille|https://www.youtube.com/watch?v=Qs1C-LXCZB8&t=1s&pp=ygUUZ3VpbGxlc3RlciBzb25pYyB3YXY%3D
https://www.youtube.com/watch?v=ab01IS0MUG0;#93 - Worse Trip;Loltad;30.85;nico|https://www.youtube.com/watch?v=ab01IS0MUG0
https://www.youtube.com/watch?v=PqUblSZvow4&pp=ygUTZ3VpbGxlc3RlciBzdWJzb25pYw%3D%3D;#94 - Subsonic;Viprin;30.44;guille|https://www.youtube.com/watch?v=PqUblSZvow4&pp=ygUTZ3VpbGxlc3RlciBzdWJzb25pYw%3D%3D,nitro|https://www.youtube.com/watch?v=9QSQR1ioegw
https://www.youtube.com/watch?v=gz3-0zsiXYc&pp=ygURZ3VpbGxlc3RlciBlcmVidXM%3D;#95 - ErebuS;Platnuu;30.04;guille|https://www.youtube.com/watch?v=gz3-0zsiXYc
https://www.youtube.com/watch?v=gHRw1r-iclU;#96 - Athanatos;Exenity;29.65;molni|https://www.youtube.com/watch?v=gHRw1r-iclU,guille|https://www.youtube.com/watch?v=J1ilUURf7Ns&pp=ygUUZ3VpbGxlc3RlciBhdGhhbmF0b3M%3D,nitro|https://www.youtube.com/watch?v=ctWjeuJa5n4&pp=0gcJCQMKAYcqIYzv,weyi|https://www.youtube.com/watch?v=vkbyJwol47w
https://www.youtube.com/watch?v=TrXQBsMroHw&pp=ygUZZ3VpbGxlc3RlciBpbmZlcm5hbCBhYnlzcw%3D%3D;#97 - Infernal Abyss;YGYoshi;29.26;guille|https://www.youtube.com/watch?v=TrXQBsMroHw&pp=ygUZZ3VpbGxlc3RlciBpbmZlcm5hbCBhYnlzcw%3D%3D,exo|https://www.youtube.com/watch?v=GBVpHCZ6NjI,gryllex|https://youtu.be/B-4yd5GUApY?si=4g-9chTz7IdGudyE
https://www.youtube.com/watch?v=j4m-K9k8DLE&pp=ygURZ3VpbGxlc3RlciBteXN0aWM%3D;#98 - mystic;Endlevel;28.89;guille|https://www.youtube.com/watch?v=j4m-K9k8DLE&pp=ygURZ3VpbGxlc3RlciBteXN0aWM%3D
https://www.youtube.com/watch?v=2b8vXe7W8SM&pp=ygUUZ3VpbGxlc3RlciB3Y3JvcG9saXg%3D;#99 - WcropoliX;BlasssCFB;28.53;guille|https://www.youtube.com/watch?v=2b8vXe7W8SM&pp=ygUUZ3VpbGxlc3RlciB3Y3JvcG9saXg%3D
https://www.youtube.com/watch?v=GuJkgwNJ0UU&pp=ygUSZ3VpbGxlc3RlciBjYXJuYWdl;#100 - Carnage Mode;Findexi;28.18;guille|https://www.youtube.com/watch?v=GuJkgwNJ0UU&pp=ygUSZ3VpbGxlc3RlciBjYXJuYWdl
https://www.youtube.com/watch?v=vsv4obeTKsc;#101 - Asmodeus;Vexion;27.84;nitro|https://www.youtube.com/watch?v=vsv4obeTKsc,guille
https://www.youtube.com/watch?v=bowZ1d7ds3A&t=71s&pp=ygUbZ3VpbGxlc3RlciBibGFkZSBvZiBqdXN0aWNl;#102 - Blade of Justice;Manix648;27.51;guille|https://www.youtube.com/watch?v=bowZ1d7ds3A&t=71s&pp=ygUbZ3VpbGxlc3RlciBibGFkZSBvZiBqdXN0aWNl,nitro|https://www.youtube.com/watch?v=jIvbcJa0TFQ,besoe|https://www.youtube.com/watch?v=b3kIRsS-sQc,rub|https://youtu.be/0vZ16OZm1w8?si=lc9Gb7yhEiv9f11z
https://www.youtube.com/watch?v=67J0Tff0c7g;#103 - Freedom19;#N/D;27.18;guille|https://www.youtube.com/watch?v=67J0Tff0c7g
https://www.youtube.com/watch?v=10rWO7Bd5oQ&pp=ygUMbGZsZXggcGhvYm9z;#104 - Phobos;Krmal;26.87;fle|https://www.youtube.com/watch?v=10rWO7Bd5oQ&pp=ygUMbGZsZXggcGhvYm9z,guille|https://www.youtube.com/watch?v=zHebJMyD-l4&pp=ygURZ3VpbGxlc3RlciBwaG9ib3M%3D,nitro|https://www.youtube.com/watch?v=g0pdtLF_yFo,exo|https://www.youtube.com/watch?v=QJaKafuqWMo&pp=ygUOZXhvcnN1cyBwaG9ib3M%3D
https://www.youtube.com/watch?v=SPRzZ-ZiJXM&pp=ygUUZ3VpbGxlc3RlciBzaWxlbnRpdW3SBwkJAwoBhyohjO8%3D;#105 - Silentium Gradas;Stormfly;26.56;guille|https://www.youtube.com/watch?v=SPRzZ-ZiJXM&pp=ygUUZ3VpbGxlc3RlciBzaWxlbnRpdW3SBwkJAwoBhyohjO8%3D
https://youtu.be/yJ8AYnzNY58?si=YMbVMvOjvuF3Mzct;#106 - Sakupen Hell;Noobas;26.26;molni|https://youtu.be/yJ8AYnzNY58?si=YMbVMvOjvuF3Mzct,fle|https://youtu.be/FYrVeGSbqM4?si=9ZOaWUslnXn5kXTg,guille|https://www.youtube.com/watch?v=H0JRUFFH3jc&pp=ygUSZ3VpbGxlc3RlciBzYWt1cGVu,exo|https://www.youtube.com/watch?v=bQE8VSpf7EI&pp=ygUPZXhvcnN1cyBzYWt1cGVu,taron,besoe|https://www.youtube.com/watch?v=H4TX6nOT43E
https://www.youtube.com/watch?v=ZXLU7C0vJz8&pp=0gcJCQMKAYcqIYzv;#107 - Artifice;f3lixsram;25.97;nitro|https://www.youtube.com/watch?v=ZXLU7C0vJz8&pp=0gcJCQMKAYcqIYzv
https://youtu.be/Bb2fS-bUVzQ?si=NegEVtcLwLeo6RT3;#108 - Betrayal of Fate;weoweoteo;25.69;guille|https://youtu.be/Bb2fS-bUVzQ?si=NegEVtcLwLeo6RT3,molni|https://youtu.be/nkfNd0Mx0iI?si=QtAzCIhPfbvWDVzz,nitro|https://www.youtube.com/watch?v=M7pFUgUas-Y,taron|https://youtu.be/MBE0HZjYiak?si=-RJnWkOdXLhB-qub,besoe|https://www.youtube.com/watch?v=EJLpCEjZc6M&pp=0gcJCQMKAYcqIYzv
https://www.youtube.com/watch?v=jp4If8T1ixs;#109 - Fusion Z;PlebKingdom;25.41;guille|https://www.youtube.com/watch?v=jp4If8T1ixs
https://www.youtube.com/watch?v=csR31-AwxYI;#110 - Carcano;Asuith;25.15;nico|https://www.youtube.com/watch?v=csR31-AwxYI
https://www.youtube.com/watch?v=Af0HW18lgv8&pp=ygUOZXhvcnN1cyBlcHNpbG8%3D;#111 - Epsilon;Team Proxima;24.88;exo|https://www.youtube.com/watch?v=Af0HW18lgv8&pp=ygUOZXhvcnN1cyBlcHNpbG8%3D,nitro|https://www.youtube.com/watch?v=KlUWuz45PX0
https://www.youtube.com/watch?v=-PAiB2Qwmag;#112 - Atmosphere;VoidSquad;24.63;guille|https://www.youtube.com/watch?v=-PAiB2Qwmag
https://www.youtube.com/watch?v=tH5avKOW2w4&pp=0gcJCQMKAYcqIYzv;#113 - Game Over;SrGuillester;24.38;guille|https://www.youtube.com/watch?v=tH5avKOW2w4&pp=0gcJCQMKAYcqIYzv
https://www.youtube.com/watch?v=ANFqEtEXCvo;#114 - Under Lavaland;N R G;24.14;guille|https://www.youtube.com/watch?v=ANFqEtEXCvo
https://youtu.be/_muRU7avJDc?si=RZgrIYsvuEWlj99A;#115 - BloodBath;Riot;23.91;gonchus|https://youtu.be/_muRU7avJDc?si=RZgrIYsvuEWlj99A,molni|https://youtu.be/qsFa-5fS9s8?si=JeHHXS6HoQgaEfKn|fle,guille|https://youtu.be/j6U4eA-aInw?si=A8JVUhOJyAbb1VgY,gryllex|https://youtu.be/rAr9ic3XKcQ?si=VLqWsdoMuSm1AexI,exo|,weyi,nitro,besoe,rub,taron,zalex,nico,jaimichu
https://www.youtube.com/watch?v=g_6N_9lc72I&t=2462s;#116 - Eon;Renn241;23.68;guille
https://www.youtube.com/watch?v=0hh07Ie1Zjo;#117 - Idols;Zafkiel;23.46;guille,nitro,zalex
https://www.youtube.com/watch?v=NMSbINW95Gw&t=163s&pp=ygUUZXhvcnN1cyBhenVyZSBmaWVzdGE%3D;#118 - Azure Fiesta;Dorami;23.25;exo
https://www.youtube.com/watch?v=89rnCRSLWbo;#119 - Moment;lexycat;23.04;nico,guille
https://www.youtube.com/watch?v=JKNYssqoH_0;#120 - ATMarbl;pennutoh;22.83;guille
;#121 - The Hell Factory;TeamN2;22.63;guille,exo,molni
https://www.youtube.com/watch?v=giWExAEofUQ;#122 - Down Bass;Spectra;22.44;guille
https://www.youtube.com/watch?v=tJ_z7QI0gdc&t=113s;#123 - Prismatic Haze;Gizbro;22.25;guille|https://www.youtube.com/watch?v=tJ_z7QI0gdc&t=113s,weyi,taha
;#124 - A Bizarre Phantasm;TeamN2;22.07;guille,nitro,molni,taha
https://www.youtube.com/watch?v=rgmhcWTug1g;#125 - Artificial ideology;TeamN2;21.89;guille
https://www.youtube.com/watch?v=sNd_3I2iu4Y;#126 - Conical Depression;krmal;21.72;guille|https://www.youtube.com/watch?v=sNd_3I2iu4Y,molni|https://youtu.be/TJLVp4PQW_U?si=BHtSx1cNfP8cn2WW,fle|https://youtu.be/D_z40svxdqM?si=j_NvmUnDRr3hd-szexo
https://www.youtube.com/watch?v=B0ledKjMELQ;#127 - Aurora;TheKris;21.55;guille|https://www.youtube.com/watch?v=B0ledKjMELQ
https://www.youtube.com/watch?v=KXtn80GWV6Q;#128 - Arctic Arena;Eclipsed;21.38;guille
https://www.youtube.com/watch?v=6W_gvuUoxV0&pp=ygUVYWZ0ZXJtYXRoIGdvbmNodXN0aW1l;#129 - Aftermath;Gonchus;21.22;gonchus,fle,molni,guille,nitro,exo,taron,weyi,besoe,nico
https://www.youtube.com/watch?v=RUutvpGUuAA;#130 - Sigma Interface;Platnuu;21.07;guille,weyi
https://www.youtube.com/watch?v=mkVV7bdwNnM;#131 - Penultimate Phase;joshawott;20.92;guille
https://www.youtube.com/watch?v=8bg9vUXwEOE;#132 - Annihilation Nation;Zylenox;20.77;guille,exo
https://www.youtube.com/watch?v=PhPUxY69HHk&t=167s;#133 - Plasma Pulse III;xSmokes;20.63;molni|https://www.youtube.com/watch?v=PhPUxY69HHk&t=167s,guille|https://www.youtube.com/watch?v=pmNZAIf6U5c,nitro|https://www.youtube.com/watch?v=ugq_S5shjKQ,exo|https://www.youtube.com/watch?v=xp_ItJ9mumQ&pp=ygUOZXhvcnN1cyBwbGFzbWE%3D,fle,weyi|https://youtu.be/9Ax1h0rTxbM?si=FRXYjDf5Cwu5as2h
https://youtu.be/yq58ZQI4zPM?si=qxdZZqam_JfoH5w6;#134 - Novalis;Gryllex;20.49;gryllex|https://youtu.be/yq58ZQI4zPM?si=qxdZZqam_JfoH5w6,guille|https://www.youtube.com/watch?v=iNf3IcnGY_8,nitro,molni
https://www.youtube.com/watch?v=_yM4ky-WfB4&t=6s;#135 - The Hell Dignity;Stormfly;20.35;guille|https://www.youtube.com/watch?v=_yM4ky-WfB4&t=6s
https://www.youtube.com/watch?v=QyOgL-0AlhY;#136 - Digital Disarray;Giron;20.22;guille|https://www.youtube.com/watch?v=QyOgL-0AlhY
https://youtu.be/Y6XIiwan5YI?si=XuENs5mTob0ByrsI;#137 - Niflheim;Vismuth;20.09;guille|https://youtu.be/Y6XIiwan5YI?si=XuENs5mTob0ByrsI
https://www.youtube.com/watch?v=sdVfmKn_bZA&t=7s&pp=0gcJCQMKAYcqIYzv;#138 - Panasonic;Shadowrealm;19.97;guille|https://www.youtube.com/watch?v=sdVfmKn_bZA&t=7s&pp=0gcJCQMKAYcqIYzv
https://www.youtube.com/watch?v=oDiBIehcuyk;#139 - Fingerdash v3;Noriega;19.84;guille|https://www.youtube.com/watch?v=oDiBIehcuyk
https://www.youtube.com/watch?v=Mry3Kh8m7lw;#140 - Audio Extraction;GoodSmile;19.73;guille|https://www.youtube.com/watch?v=Mry3Kh8m7lw
https://www.youtube.com/watch?v=y_dzJa5nzHk;#141 - Twisted Tranquility;Flukester;19.61;guille|https://www.youtube.com/watch?v=y_dzJa5nzHk,zalex 
https://www.youtube.com/watch?v=uV1cAHujcXM;#142 - Concaved Memories;Cairox;19.5;nitro|https://www.youtube.com/watch?v=uV1cAHujcXM
https://www.youtube.com/watch?v=WOdCBs8Rb04;#143 - Heat Wave;Nico99;19.39;guille|https://www.youtube.com/watch?v=WOdCBs8Rb04
https://www.youtube.com/watch?v=zHDWkqCSbF0&t=7s;#144 - Heatbeat;Krmal;19.28;guille|https://www.youtube.com/watch?v=zHDWkqCSbF0&t=7s
https://www.youtube.com/watch?v=ZWGUoDdOtcs;#145 - Glide;Croh44;19.18;guille|https://www.youtube.com/watch?v=ZWGUoDdOtcs
https://www.youtube.com/watch?v=rkIZnJk01aQ&pp=ygUVZ3VpbGxlc3RlciBhcm1hZ2dlZG9u;#146 - Armaggedon;Manix648;19.08;guille|https://www.youtube.com/watch?v=rkIZnJk01aQ&pp=ygUVZ3VpbGxlc3RlciBhcm1hZ2dlZG9u
;#147 - Hydraulic Overdrive;GDBrad;18.98;guille
https://www.youtube.com/watch?v=4AfnQHZrXzY&pp=0gcJCQMKAYcqIYzv;#148 - Violently X;Dorami;18.88;guille|https://www.youtube.com/watch?v=4AfnQHZrXzY&pp=0gcJCQMKAYcqIYzv
https://www.youtube.com/watch?v=1f8eIbYwSa0;#149 - Pumped Up Kicks;pedofilo;18.79;guille|https://www.youtube.com/watch?v=1f8eIbYwSa0
https://www.youtube.com/watch?v=3BRDR_Vkavo&t=76s;#150 - A2Marbl;Golden;18.7;guille|https://www.youtube.com/watch?v=3BRDR_Vkavo&t=76s,taha
https://www.youtube.com/watch?v=3BRDR_Vkavo&t=76s;#151 - Another Phase;Cersia;0;guille|https://www.youtube.com/watch?v=3BRDR_Vkavo&t=76s
https://www.youtube.com/watch?v=2vmsIQQhWGk;#152 - Elite Z Rebirth;Krmal;0;guille|https://www.youtube.com/watch?v=2vmsIQQhWGk,josele|https://www.youtube.com/watch?v=2vmsIQQhWGk,exo
https://youtu.be/9Ax1h0rTxbM?si=FRXYjDf5Cwu5as2h;#153 - I NEVER DREAM;skywalker14;0;weyi|https://youtu.be/9Ax1h0rTxbM?si=FRXYjDf5Cwu5as2h
https://www.youtube.com/watch?v=lz5g8sC8pMY;#154 - NecropoliX;Namtar;0;guille|https://www.youtube.com/watch?v=lz5g8sC8pMY
https://www.youtube.com/watch?v=BgjihZTLOCA;#155 - Subversive;snowr33de;0;guille|https://www.youtube.com/watch?v=BgjihZTLOCA,hail
https://www.youtube.com/watch?v=TPP3mH9032U;#156 - Artificial Dream;iliViruzili;0;guille|https://www.youtube.com/watch?v=TPP3mH9032U,zalex 
https://www.youtube.com/watch?v=ZV590RxANVM&t=11s;#157 - The Antimatter;Bianox;0;guille|https://www.youtube.com/watch?v=ZV590RxANVM&t=11s
https://www.youtube.com/watch?v=iaFTuRslgrU;#158 - Fexty;Sky Jax;0;guille|https://www.youtube.com/watch?v=iaFTuRslgrU
https://www.youtube.com/watch?v=fqkKiczCCLM;#159 - The Ultimate Phase;Andromeda;0;guille|https://www.youtube.com/watch?v=fqkKiczCCLM,exo,molni,jaimichu,taron,zalex
